{"Ubisoft": 0.045661726692466174}
{"Sierra": 0.004796295270343698}
{"Electronic Arts": 0.08858797023429538}
{"Atari": 0.02593735685288404}
{"2K": 0.023727252014685705}
{"Blizzard Entertainment": 0.012176263426380113}
{"THQ": 0.019900355502394128}
{"Sega": 0.030405181516859284}
{"Bethesda": 0.01417062861705928}
{"2K Games": 0.002997490201737005}
{"Global Star": 0.0018461432188250676}
{"Encore": 0.0052766615379930175}
{"Paradox Interactive": 0.002176114735093374}
{"Square Enix": 0.03251907715774829}
{"Vivendi Universal": 0.018768644504832486}
{"Konami": 0.025863572880194783}
{"Activision": 0.04349969077302356}
{"WB Games": 0.01580812519960029}
{"Warner Bros": 0.004482966478293146}
{"Deep Silver": 0.004544110532050059}
{"1C": 0.0021225507164303777}
{"Codemasters": 0.00378037231013203}
{"Dreamcatcher": 0.006879398711181956}
{"ValuSoft": 0.0035384278594448744}
{"Dreamcatcher Interactive": 0.01134242784063197}
{"Aspyr": 0.0032143352653534567}
{"Telltale Games": 0.002084606417789957}
{"Microsoft": 0.03748296510578561}
{"Warner Home Video - Games": 0.0008511668027397081}
{"THQ Nordic": 0.003636217801553496}
{"Sony": 0.05312749887762285}
{"LucasArts": 0.019601647120331675}
{"Disney Interactive Studios": 0.006127641041522986}
{"Interplay": 0.007710262132746448}
{"Rockstar Games": 0.013421335819030815}
{"3DO": 0.002058802666046234}
{"Capcom": 0.02916484414806167}
{"Strategy First": 0.004989586707356533}
{"EA Sports": 0.0037513617867067457}
{"PopCap Games": 0.005710931896680808}
{"Midway": 0.00749866552222798}
{"Mumbo Jumbo": 0.007285085703136642}
{"Valve": 0.005312783801552387}
{"Southpeak": 0.00347301898953242}
{"Unknown": 0.0017231082021285516}
{"Got Game": 0.006063593751314106}
{"eGames": 0.003594507885983814}
{"SquareSoft": 0.00861368319369832}
{"Majesco": 0.006466096728682732}
{"Viva Media": 0.010369766420343393}
{"Acclaim": 0.003961437906783206}
{"Masque Publishing": 0.006044343150891408}
{"City Interactive": 0.002251960984408061}
{"Bandai": 0.014653330607255984}
{"Bandai Namco Entertainment America": 0.005083677670144069}
{"NCSOFT": 0.008176591799423158}
{"Amazon Digital Services LLC": 0.002649891319613651}
{"Kalypso Media": 0.0024169922471307627}
{"Maximum Games": 0.0019412152553940827}
{"Phantom EFX": 0.003732393208610924}
{"Focus Home Interactive": 0.0021669763802575816}
{"Alawar Entertainment": 0.008183223509993095}
{"Her Interactive": 0.008645685847544885}
{"Destineer": 0.003084411972987136}
{"Namco": 0.0039055268666641305}
{"Warner Bros Interactive. Entertainment": 0.002133153287595161}
{"Mad Catz": 0.0009172149115731945}
{"Infogrames": 0.0017076846068261112}
{"505 Games": 0.0014526943993383105}
{"Game Mill": 0.0016108321878856831}
{"Crave Entertainment": 0.003149407288412551}
{"Tecmo": 0.0029537388652362342}
{"SPIG": 0.0016832692774245974}
{"Tecmo Koei": 0.007193099725971742}
{"Koei": 0.002987526959171742}
{"Atlus": 0.014824144813138583}
{"Nickelodeon": 0.001557582957751666}
{"Ignition Entertainment": 0.0035521537140271405}
{"D3 Publisher": 0.006107119813045777}
{"MTV": 0.002273945230745455}
{"Xseed": 0.0038710830081279683}
{"Disney Infinity": 0.0010000851766165217}
{"MTV Games": 0.0036609180593533902}
{"Bandai Namco Games": 0.0013650919404354566}
{"Xseed Games": 0.0019256151966821234}
{"Aksys": 0.00389247683889748}
{"NIS America": 0.005727490314806009}
{"Tommo": 0.0026398813903422387}
{"Playstation": 0.006923550751972189}
{"Sony Computer Entertainment": 0.004227637579777651}
{"Disney Interactive Studios(World)": 0.0011021857176787063}
{"Mastiff": 0.0015189281033075094}
{"Natsume": 0.0025904242048929815}
{"Konami/ Kojima Productions": 0.006804634476185173}
{"SCEA": 0.004711306059348541}
{"Naughty Dog Inc.": 0.006693717168846215}
{"Solutions 2 Go": 0.001948009014392082}
{"Zoo Games": 0.0018922065792699367}
{"Nintendo": 0.10236121308131287}
